Wall time,Step,Value
1749978550.9064682,0,0.6320400238037109
1749982198.5759869,1,0.738427460193634
1749986570.56547,2,0.7779627442359924
1749990918.852362,3,0.804546058177948
1749995961.550239,4,0.8141772747039795
1750001056.0343108,5,0.8233543038368225
1750006899.604219,6,0.8251475095748901
1750012834.239029,7,0.8297263979911804
1750019498.535574,8,0.8283975720405579
1750026135.227621,9,0.8311641812324524
1750030424.814333,10,0.8311327695846558
1750034741.041982,11,0.8337647318840027
1750039109.973825,12,0.8351290225982666
1750043848.3444211,13,0.8361148238182068
1750048701.546645,14,0.8369870185852051
1750053246.211869,15,0.837655782699585
1750057533.2579021,16,0.8382270336151123
1750061807.049883,17,0.8387165069580078
1750066096.7860658,18,0.8392440676689148
1750070333.225565,19,0.8396261930465698
1750074521.045708,20,0.8399516940116882
1750078718.076264,21,0.84027498960495
1750082899.140844,22,0.8406176567077637
1750087512.151765,23,0.8408107161521912
1750091828.878475,24,0.8411024808883667
1750096276.288872,25,0.8413361310958862
1750100481.644759,26,0.8415226936340332
1750104739.717485,27,0.841740071773529
1750109186.50242,28,0.8418376445770264
1750113609.397962,29,0.8420013189315796
