Wall time,Step,Value
1750513695.726944,0,0.6827566027641296
1750514985.950733,1,0.7635865807533264
1750516298.708427,2,0.7856593728065491
1750517591.81039,3,0.798606276512146
1750518885.9559748,4,0.8106650710105896
1750520180.0335512,5,0.815657377243042
1750521474.1761012,6,0.8116831183433533
1750522767.919359,7,0.8103110790252686
1750542035.493432,8,0.7547438144683838
1750543428.102032,9,0.7604200839996338
1750547793.59058,10,0.8169393539428711
1750552335.7305532,11,0.824948251247406
1750556730.614649,12,0.8288378715515137
1750561135.750301,13,0.8313392400741577
1750565414.917855,14,0.8331324458122253
1750569689.90899,15,0.834518313407898
1750573916.353725,16,0.8356094360351562
1750578123.21837,17,0.8365210294723511
1750582314.4729862,18,0.8372005820274353
1750586526.7322738,19,0.8378170728683472
1750590694.0934,20,0.8383957743644714
1750594847.352475,21,0.8389102816581726
1750599012.96613,22,0.8392641544342041
1750603153.17681,23,0.8396770358085632
1750607416.409773,24,0.8400654792785645
1750611744.081846,25,0.8403047919273376
1750616158.759565,26,0.8405919671058655
1750620626.200768,27,0.8407619595527649
1750625418.378276,28,0.8410823345184326
1750630090.167192,29,0.8412876725196838
